{"cameraMode":{"drawMode":0,"name":"Shaded","section":"Shading Mode"},"sceneLighting":false,"audioPlay":false,"sceneViewState":{"showFog":true,"showMaterialUpdate":false,"showSkybox":false,"showFlares":true,"showImageEffects":true,"showParticleSystems":true,"showVisualEffectGraphs":true,"m_FxEnabled":true},"in2DMode":false,"pivot":{"x":1206.3465576171875,"y":92.38028717041016,"z":1277.8157958984375},"rotation":{"x":-0.04622459039092064,"y":-0.15546829998493195,"z":0.007278548087924719,"w":-0.9867421984672546},"size":791.4537963867188,"orthographic":false}